,Center1,Center2,Center3,Crew,CruiseSpeed,EmptyWeight,EnginePrice,Engines,Ext1,Ext2,FuelType,GPH,LAux,LMain,LTip,MTOW,MakeModel,ModelId,Price,RAux,RMain,RTip,Seats
0,125,0,0,0,218,1068,44000.00,1,0,0,0,35,0,0,0,2051,Aermacchi - Lockheed AL-60,95,421050.00,0,0,0,8
1,96,0,0,0,203,1746,44000.00,2,0,0,0,37,0,30,0,2742,Aero Design AC500C,26,326550.00,0,30,0,7
2,103,0,0,0,210,2005,44000.00,2,0,0,0,34,0,60,0,3175,Aero Design AC680S,25,342300.00,0,60,0,7
3,300,0,0,0,435,4980,160000.00,1,0,0,1,700,0,200,0,9233,Aero Vodochody L-39,228,245000.00,0,200,0,2
4,13,0,0,0,80,325,22000.00,1,0,0,0,4,0,0,0,533,Aeronca Champion,119,19800.00,0,0,0,2
5,91,0,0,0,130,1930,114000.00,2,0,0,1,60,0,0,0,2722,Agusta A109,71,210000.00,0,0,0,8
6,0,0,0,1,140,4400,114000.00,2,0,0,1,150,0,210,0,6400,Agusta Westland AW139,326,526500.00,0,210,0,17
7,2166,790,790,12,454,42220,210000.00,2,0,0,1,800,232,1815,0,73500,Airbus A320,290,0.00,232,1815,0,150
8,2150,0,0,12,477,48038,210000.00,2,0,0,1,900,780,2040,0,92986,Airbus A321,285,0.00,780,2040,0,185
9,10,0,0,0,60,168,22000.00,1,0,0,0,4,0,0,0,446,Aircreation 582SL,192,31800.00,0,0,0,2
10,362,362,0,4,260,16062,66000.00,2,0,0,0,310,0,110,0,23864,Airspeed AS-57 Ambassador,275,3220500.00,0,110,0,47
11,2313,0,0,4,300,14620,143000.00,2,0,0,1,430,0,1499,0,30500,Alenia C-27J Spartan,201,3928500.00,0,1499,0,50
12,0,0,0,4,300,14620,143000.00,2,0,0,1,430,1200,0,427,30500,Alenia C-27J Spartan (IRIS),304,3928500.00,1200,0,427,50
13,0,0,0,0,112,597,22000.00,1,0,0,0,8,0,18,0,1005,American Champion Scout,36,25200.00,0,18,0,3
14,0,0,0,0,94,2600,66000.00,2,0,0,0,23,0,52,0,3630,Antonov An-14,125,199380.00,0,52,0,8
15,0,0,0,0,100,3330,66000.00,1,0,0,0,60,0,158,0,5500,Antonov AN-2,116,297000.00,0,158,0,13
16,0,0,0,4,260,13800,143000.00,2,0,0,1,305,0,733,0,21000,Antonov An-24,153,3303750.00,0,733,0,50
17,300,0,0,3,237,13400,143000.00,2,0,0,1,350,100,500,0,20820,Antonov An-26 Curl,231,2691830.00,100,500,0,42
18,0,0,0,1,180,4123,114000.00,2,0,0,1,108,0,197,90,6500,Antonov An-28,169,828600.00,0,197,90,20
19,0,0,0,4,300,16800,143000.00,2,0,0,1,340,0,920,0,27000,Antonov An-32,256,4293000.00,0,920,0,53
20,0,0,0,3,300,11250,143000.00,2,0,0,1,310,0,758,0,18600,ATR 42-500,310,3364500.00,0,758,0,42
21,0,0,0,6,250,12950,143000.00,2,0,0,1,200,0,660,0,22000,ATR 72-500,154,4770000.00,0,660,0,70
22,18,0,0,0,95,470,22000.00,1,0,0,0,6,0,0,0,839,Auster J/1 Autocrat,287,79200.00,0,0,0,3
23,0,0,0,0,160,2925,114000.00,2,0,0,1,62,53,166,0,4989,Australia GAF N22 Nomad,62,558900.00,53,166,0,14
24,0,0,0,0,121,652,22000.00,1,0,0,0,9,0,26,0,998,Aviat A-1 Husky,60,26850.00,0,26,0,3
25,0,0,0,0,155,2667,66000.00,2,0,0,0,42,35,35,0,3470,Avro Anson MK-1,309,232800.00,35,35,0,6
26,0,0,0,0,350,2222,114000.00,1,0,0,1,135,0,151,57,4173,BAC Jet Provost T5,251,68250.00,0,151,57,2
27,1500,0,0,7,420,23300,210000.00,4,0,0,1,500,0,750,0,38102,BAe 146-100 (Avro RJ70),270,9804000.00,0,750,0,84
28,0,0,0,1,250,4360,143000.00,2,0,0,1,80,0,242,0,8391,BAe Jetstream 32,263,1249500.00,0,242,0,21
29,0,0,0,2,240,6415,143000.00,2,0,0,1,200,0,439,0,11000,BAe Jetstream 41,193,1818000.00,0,439,0,31
30,0,0,0,3,205,7144,114000.00,2,0,0,1,150,200,202,390,13041,Basler BT-67,274,1987500.00,200,202,390,37
31,0,0,0,0,190,1979,44000.00,2,0,0,0,32,0,97,0,3232,Beagle B 206 Basset,259,362400.00,0,97,0,6
32,29,0,0,0,170,1113,66000.00,1,0,0,0,13,23,23,0,1941,Beechcraft 17,190,237150.00,23,23,0,5
33,80,0,0,0,170,2576,66000.00,2,0,0,0,45,25,76,0,4495,Beechcraft 18,55,411750.00,25,76,0,10
34,0,0,0,1,220,4422,143000.00,2,0,0,1,120,93,242,0,7579,Beechcraft 1900C,67,1032000.00,93,242,0,21
35,0,0,0,1,220,4045,143000.00,2,0,0,1,120,93,242,0,7983,Beechcraft 1900C Freighter,68,603000.00,93,242,0,2
36,0,0,0,1,230,4815,143000.00,2,0,0,1,120,93,242,0,7800,Beechcraft 1900D,8,1140000.00,93,242,0,21
37,0,0,0,0,192,1774,44000.00,2,0,0,0,28,0,71,0,2556,Beechcraft Baron 58,7,258600.00,0,71,0,6
38,0,0,0,0,192,1774,44000.00,2,0,0,0,28,0,71,29,2556,Beechcraft Baron 58 - tip tanks (Dreamfleet),97,258600.00,0,71,29,6
39,0,0,0,0,160,1148,44000.00,1,0,0,0,15,0,37,0,1750,Beechcraft Bonanza A36,44,224250.00,0,37,0,6
40,0,0,0,0,160,1000,44000.00,1,0,0,0,12,0,40,0,1542,Beechcraft Bonanza F33,31,227400.00,0,40,0,6
41,0,0,0,0,160,1000,44000.00,1,0,0,0,12,0,40,0,1548,Beechcraft Bonanza V35,29,227400.00,0,40,0,6
42,0,0,0,0,161,791,44000.00,1,0,0,0,12,0,37,0,1360,Beechcraft Debonair,80,132300.00,0,37,0,4
43,0,0,0,0,154,1116,22000.00,2,0,0,0,22,0,52,0,1772,Beechcraft Duchess 76,288,161700.00,0,52,0,4
44,0,0,0,0,160,2007,44000.00,2,0,0,0,40,0,116,0,3100,Beechcraft Duke B60,188,246000.00,0,116,0,6
45,0,0,0,0,245,3675,114000.00,2,0,0,1,113,80,195,0,5670,Beechcraft King Air 200,34,837000.00,80,195,0,14
46,0,0,0,0,257,4009,114000.00,2,0,0,1,90,80,190,0,6363,Beechcraft King Air 300,160,984900.00,80,190,0,15
47,0,0,0,0,248,4123,114000.00,2,0,0,1,112,80,190,0,6804,Beechcraft King Air 350,33,892500.00,80,190,0,15
48,0,0,0,0,240,3005,114000.00,2,0,0,1,70,0,192,0,4581,Beechcraft King Air C90,81,715350.00,0,192,0,12
49,150,0,0,0,180,2449,114000.00,2,0,0,0,30,10,0,0,3493,Beechcraft Queen Air,35,562500.00,10,0,0,12
50,150,0,0,0,180,2173,114000.00,2,0,0,0,34,0,71,0,3622,Beechcraft Queen Air 80S,79,504300.00,0,71,0,11
51,0,0,0,0,265,2109,44000.00,2,0,0,1,66,0,130,0,3197,Beechcraft Royal Turbine Duke B60,262,407700.00,0,130,0,6
52,0,0,0,0,180,1018,44000.00,1,0,0,0,15,0,22,0,1400,Beechcraft T-34 Mentor,175,93000.00,0,22,0,2
53,0,0,0,0,180,1778,44000.00,2,0,0,0,20,0,71,0,2710,Beechcraft Twin Bonanza 50,51,357000.00,0,71,0,8
54,91,0,0,0,105,2497,114000.00,1,0,0,1,28,0,0,0,3158,Bell 205A-1/UH-1C,76,159600.00,0,0,0,7
55,91,0,0,0,115,799,114000.00,1,0,0,1,29,0,0,0,1452,Bell 206B,69,107550.00,0,0,0,5
56,242,0,0,0,115,799,114000.00,1,0,0,1,29,0,0,0,1500,Bell 206L RTW N3911Z,254,107550.00,0,0,0,2
57,326,0,0,0,100,2516,114000.00,2,0,0,1,137,0,0,0,5080,Bell 212,219,317504.00,0,0,0,14
58,127,0,0,0,128,1178,114000.00,1,0,0,1,42,0,0,0,2268,Bell 407,156,186300.00,0,0,0,7
59,326,0,0,0,135,3156,114000.00,2,0,0,1,115,0,0,0,5397,Bell 412,103,307500.00,0,0,0,15
60,0,0,0,0,130,1926,114400.00,2,0,0,1,56,87,24,0,3402,Bell 429,344,248160.00,60,50,0,8
61,247,0,0,0,139,2354,114000.00,2,0,0,1,65,0,0,0,4086,Bell 430,75,223650.00,0,0,0,8
62,247,105,0,0,139,2354,114000.00,2,0,0,1,65,0,24,0,4086,Bell 430 RTW N430Q,222,223650.00,0,24,0,8
63,0,0,0,0,80,788,22000.00,1,0,0,0,13,0,22,0,1295,Bell 47G-2,271,34350.00,0,22,0,3
64,220,0,0,0,90,2358,143000.00,1,0,0,1,90,0,0,0,4309,Bell UH-1H Huey,268,256500.00,0,0,0,13
65,0,0,0,0,176,794,44000.00,1,0,0,0,12,0,29,0,1136,Bellanca 260,131,145800.00,0,29,0,4
66,0,0,0,0,135,1680,22000.00,2,0,0,0,30,0,68,0,2270,Beriev BE-103,46,171000.00,0,68,0,6
67,0,0,0,0,135,2067,22000.00,1,0,0,0,40,0,150,0,3629,Boeing 221A Monomail,301,201000.00,0,150,0,6
68,73,0,0,0,164,4055,66000.00,2,0,0,0,50,0,100,0,7623,Boeing 247D,284,0.00,0,100,0,10
69,1210,0,0,6,300,38083,66000.00,4,0,0,0,750,1520,1770,0,66818,Boeing 377,194,5910000.00,1520,1770,0,75
70,2550,1000,1000,12,495,45400,160000.00,3,0,0,1,1000,0,1818,0,76726,Boeing 727-100/200,281,0.00,0,1818,0,135
71,4299,0,0,12,435,41145,210000.00,2,0,0,1,700,0,1288,0,70535,Boeing 737-800,282,0.00,0,1288,0,162
72,17164,3300,0,19,504,178755,210000.00,4,0,0,1,3000,4482,12546,1322,396893,Boeing 747-400,338,0.00,4482,12546,1322,417
73,410,410,0,12,210,16391,143000.00,4,0,0,0,205,425,425,540,29710,Boeing B-17G,197,2250000.00,425,425,540,11
74,46,0,0,0,102,878,44000.00,1,0,0,0,20,0,0,0,1232,Boeing Stearman,189,52200.00,0,0,0,2
75,315,313,0,2,130,7074,114400.00,2,0,0,1,120,0,0,0,11022,Boeing Vertol CH-46D Sea Knight (BV107),343,867000.00,0,0,0,27
76,0,0,0,4,138,10150,114000.00,2,0,0,1,220,261,261,0,22680,Boeing Vertol CH-47 Chinook,232,1699855.00,261,261,0,46
77,0,0,0,1,458,10773,160000.00,2,0,0,1,265,0,1194,0,17622,Bombardier Challenger 300,283,898350.00,0,1194,0,10
78,2045,0,0,1,205,10546,143000.00,2,0,0,1,380,0,776,0,21318,Bombardier CL-415,243,1029646.00,0,776,0,11
79,700,0,0,4,437,9298,160000.00,2,0,0,1,350,0,600,0,23178,Bombardier CRJ-200ER,216,6784163.00,0,600,0,52
80,1580,0,0,6,455,19731,160000.00,2,0,0,1,500,0,720,0,34132,Bombardier CRJ700-ER,249,9285000.00,0,720,0,74
81,0,0,0,7,380,17185,143000.00,2,0,0,1,250,0,886,0,29256,Bombardier Dash-8 Q400,211,8526906.00,0,886,0,78
82,835,0,0,1,447,6641,160000.00,2,0,0,1,280,0,241,0,10660,Bombardier Lear 60,220,1779402.00,0,241,0,11
83,1476,0,0,9,330,42469,143000.00,4,0,0,1,1000,2410,2004,0,83912,Bristol Britannia 300,203,9075000.00,2410,2004,0,105
84,0,0,0,1,190,13585,66000.00,2,0,0,0,343,163,420,120,19958,Bristol Mark 32 Superfreighter,314,749850.00,163,420,120,20
85,0,0,0,0,145,2485,44000.00,3,0,0,0,66,0,68,0,4536,Britten Norman BN-2A Mk3-3 Trislander,207,626700.00,0,68,0,16
86,0,0,0,0,132,1925,66000.00,2,0,0,0,30,0,68,0,2993,Britten-Norman BN-2B Islander,84,324900.00,0,68,0,10
87,23,0,0,0,105,390,22000.00,1,0,0,0,12,0,0,0,680,Bucker Jungmann 131,250,50400.00,0,0,0,2
88,0,0,0,4,245,9800,143000.00,2,0,0,1,136,347,347,0,16500,CASA CN235,258,3191700.00,347,347,0,47
89,0,0,0,0,90,517,22000.00,1,0,0,0,8,0,13,0,820,Cessna 152 Aerobat,3,18600.00,0,13,0,3
90,0,0,0,0,113,382,22000.00,1,0,0,0,6,0,13,0,599,Cessna 162 Skycatcher,280,61500.00,0,13,0,2
91,0,0,0,0,100,748,22000.00,1,0,0,0,8,0,27,0,1180,Cessna 172 Skyhawk,1,72600.00,0,27,0,4
92,0,0,0,0,125,745,22000.00,1,0,0,0,10,0,25,0,1133,Cessna 177 Cardinal,11,102000.00,0,25,0,4
93,0,0,0,0,130,800,22000.00,1,0,0,0,12,0,31,0,1270,Cessna 177RG Cardinal,57,104000.00,0,31,0,4
94,0,0,0,0,125,821,22000.00,1,0,0,0,14,0,46,0,1410,Cessna 182 Skylane,6,97800.00,0,46,0,4
95,0,0,0,0,120,727,22000.00,1,0,0,0,13,0,44,0,1519,Cessna 185 Skywagon,92,197400.00,0,44,0,6
96,0,0,0,0,145,929,22000.00,1,0,0,0,13,0,40,0,1519,Cessna 195,87,160350.00,0,40,0,5
97,0,0,0,0,150,883,22000.00,1,0,0,0,16,0,44,0,1633,Cessna 206 Stationair,43,208200.00,0,44,0,6
98,0,0,0,0,144,862,22000.00,1,0,0,0,15,0,40,0,1724,Cessna 207 Stationair 8,113,286650.00,0,40,0,8
99,0,0,0,0,182,2075,114000.00,1,0,0,1,40,0,166,0,3985,Cessna 208 Caravan,22,657300.00,0,166,0,14
100,0,0,0,0,160,1023,44000.00,1,0,0,0,15,0,45,0,1800,Cessna 210 Centurion,9,224250.00,0,45,0,6
101,0,0,0,0,156,1642,44000.00,2,0,0,0,24,41,51,0,2585,Cessna 310,10,208800.00,41,51,0,6
102,0,0,0,0,140,1204,44000.00,2,0,0,0,18,0,75,0,1996,Cessna 337 Skymaster,61,191100.00,0,75,0,6
103,0,0,0,0,217,1780,44000.00,2,0,0,0,30,31,50,0,2719,Cessna 340A,261,359100.00,31,50,0,6
104,0,0,0,0,217,2192,66000.00,2,0,0,0,30,0,174,0,3810,Cessna 404 Titan,93,554400.00,0,174,0,10
105,0,0,0,0,240,1984,66000.00,2,0,0,0,36,0,100,0,3068,Cessna 414A Chancellor,214,538200.00,0,100,0,8
106,0,0,0,0,230,2443,66000.00,2,0,0,0,30,0,121,0,3451,Cessna 421 Golden Eagle,41,451500.00,0,121,0,8
107,0,0,0,0,230,2592,114000.00,2,0,0,1,60,0,241,0,4501,Cessna 441 Conquest II,42,696000.00,0,241,0,11
108,0,0,0,0,360,2930,160000.00,2,0,0,1,150,0,240,0,4808,Cessna Citation CJ1,166,568500.00,0,240,0,8
109,0,0,0,0,400,3220,160000.00,2,0,0,1,160,0,371,0,6577,Cessna Citation II,165,732000.00,0,371,0,10
110,896,0,0,1,450,9797,160000.00,2,0,0,1,200,0,522,0,16511,Cessna Citation X,167,1110000.00,0,522,0,12
111,0,0,0,0,125,682,22000.00,1,0,0,0,8,0,22,0,1089,Cessna L-19/O-1 Birddog,237,104100.00,0,22,0,3
112,0,0,0,0,330,3960,160000.00,2,0,0,1,100,0,193,0,5350,Cessna Mustang,177,390000.00,0,193,0,6
113,0,0,0,0,152,971,114000.00,1,0,0,1,28,0,43,0,1633,Cessna Soloy Mk1/MkII U206 Turbo,334,244200.00,0,43,0,6
114,0,0,0,0,125,1841,66000.00,2,0,0,0,28,0,60,0,2591,Cessna T-50 Bobcat,174,156000.00,0,60,0,5
115,0,0,0,0,165,1499,44000.00,2,0,0,0,27,0,71,0,2336,Cessna T303 Crusader,321,268650.00,0,71,0,6
116,0,0,0,0,200,2283,114000.00,2,0,0,1,70,0,240,0,4099,Cessna/Reims F-406 Caravan II,335,766500.00,0,240,0,14
117,0,0,0,0,156,938,44000.00,1,0,0,0,10,0,28,0,1360,Cirrus SR20,77,129900.00,0,28,0,4
118,0,0,0,0,200,1023,44000.00,1,0,0,0,10,0,40,0,1545,Cirrus SR22 G2,16,156000.00,0,40,0,4
119,0,0,0,0,240,1620,114400.00,1,0,0,1,47,0,147,0,2722,Cirrus Vision SF50,349,306420.00,0,147,0,5
120,0,0,0,0,230,1136,44000.00,1,0,0,0,20,0,49,0,1636,Columbia 400,139,186000.00,0,49,0,4
121,0,0,0,0,143,695,22000.00,1,0,0,0,12,0,24,0,1204,Commander 112,107,116100.00,0,24,0,4
122,0,0,0,0,190,976,44000.00,1,0,0,0,31,0,45,0,1500,Commander 115,39,138450.00,0,45,0,4
123,0,0,0,2,170,13900,66000.00,4,0,0,0,203,225,930,300,25401,Consolidated C-87 Liberator Express,332,1103850.00,225,930,300,27
124,0,0,0,2,115,9384,66000.00,2,0,0,0,110,0,875,0,16098,Consolidated PBY5 Catalina,94,852500.00,0,875,0,26
125,0,0,0,4,230,13828,66000.00,2,0,0,0,205,0,863,0,22544,Convair 340/440,144,3114750.00,0,863,0,52
126,0,0,0,5,282,14772,143000.00,2,0,0,1,300,0,863,0,26371,Convair 580,147,4133400.00,0,863,0,56
127,0,0,0,4,135,13710,66000.00,2,0,0,0,160,0,703,0,20000,Curtiss C46,150,1737000.00,0,703,0,52
128,0,0,0,0,100,699,22000.00,1,0,0,0,12,0,25,0,1106,Curtiss Robertson Robin J-1,239,77400.00,0,25,0,3
129,765,0,0,0,450,9163,160000.00,3,0,0,1,433,0,765,0,17600,Dassault Falcon 50,327,895350.00,0,765,0,10
130,1809,0,0,1,480,15059,114000.00,3,0,0,1,600,0,1756,0,31338,Dassault Falcon 7X,206,1296000.00,0,1756,0,16
131,0,0,0,4,230,12568,143000.00,4,0,0,1,300,421,310,0,20000,DeHavilland Dash 7,180,3738000.00,421,310,0,54
132,0,0,0,3,260,10400,143000.00,2,0,0,1,200,0,420,0,16400,DeHavilland Dash 8 100/200,151,2586000.00,0,420,0,39
133,0,0,0,4,285,11791,143000.00,2,0,0,1,220,0,420,0,19500,DeHavilland Dash 8 Q300,294,4437000.00,0,420,0,55
134,0,0,0,0,100,1330,22000.00,2,0,0,0,20,0,45,0,2494,DeHavilland DH 89 Dragon Rapide,105,219000.00,0,45,0,9
135,20,0,0,0,95,512,66000.00,1,0,0,0,9,0,0,0,816,DeHavilland DH-82 Tiger Moth,242,47550.00,0,0,0,2
136,0,0,0,0,174,2563,66000.00,2,0,0,0,40,0,101,0,3856,DeHavilland DH104 Dove,106,427800.00,0,101,0,10
137,0,0,0,1,145,3704,66000.00,4,0,0,0,64,45,122,0,5909,DeHavilland DH114 Heron,306,598800.00,45,122,0,16
138,0,0,0,0,108,575,44000.00,1,0,0,0,7,0,27,0,930,DeHavilland DH80A Puss Moth,226,77250.00,0,27,0,3
139,0,0,0,0,136,537,22000.00,1,0,0,0,12,0,30,0,837,DeHavilland DHC-1 Chipmunk,238,70200.00,0,30,0,2
140,35,35,25,0,109,1293,44000.00,1,0,0,0,18,0,0,0,2220,DeHavilland DHC-2 Beaver,5,210000.00,0,0,0,9
141,80,0,0,0,140,1268,114000.00,1,0,0,1,50,0,80,0,2727,DeHavilland DHC-2 Turbo Beaver,136,283500.00,0,23,0,9
142,62,103,51,0,105,2110,66000.00,1,0,0,0,26,0,0,0,3629,DeHavilland DHC-3 Otter,37,424050.00,0,0,0,14
143,85,0,0,0,135,1710,114000.00,1,0,0,1,49,0,85,0,3931,DeHavilland DHC-3-T Turbo Otter,230,596550.00,0,85,0,16
144,0,0,0,2,158,8293,66000.00,2,0,0,0,175,0,415,0,12954,DeHavilland DHC-4 Caribou,132,1152000.00,0,415,0,32
145,0,0,0,4,240,11436,143000.00,2,0,0,1,215,0,420,0,22364,DeHavilland DHC-5 Buffalo,178,2852250.00,0,420,0,46
146,181,197,0,1,170,3265,114000.00,2,0,0,1,60,0,0,37,5669,DeHavilland DHC-6 300 Twin Otter (Aerosoft Extended),298,783000.00,0,0,37,21
147,0,0,0,1,170,3265,114000.00,2,0,0,1,110,0,208,0,5669,DeHavilland DHC-6 Twin Otter,45,783000.00,0,208,0,21
148,0,0,0,0,172,1570,44000.00,2,0,0,1,17,21,28,0,2399,Diamond Da-62,348,343920.00,21,28,0,7
149,20,0,0,0,95,519,22000.00,1,0,0,0,5,0,0,0,757,Diamond DA20 Katana,13,31650.00,0,0,0,2
150,0,0,0,0,135,735,22000.00,1,0,0,1,5,0,21,0,1150,Diamond DA40D DiamondStar,72,124350.00,0,21,0,4
151,0,0,0,0,151,1263,44000.00,2,0,0,1,11,0,26,0,1785,Diamond DA42 Twin Star,108,116250.00,0,26,0,4
152,0,0,0,1,230,3258,114000.00,2,0,0,1,95,0,300,0,6400,Dornier 228,195,1270800.00,0,300,0,21
153,0,0,0,2,265,8920,143000.00,2,0,0,1,244,0,300,0,13990,Dornier 328,313,2307300.00,0,300,0,33
154,0,0,0,0,125,1052,22000.00,1,0,0,0,16,0,48,0,1572,Dornier Do-27 A4,141,170700.00,0,48,0,6
155,0,0,0,0,125,1070,22000.00,1,0,0,0,16,0,28,0,1570,Dornier Do-27 B1,140,170700.00,0,28,0,6
156,0,0,0,0,130,1726,44000.00,2,0,0,0,27,0,30,0,2714,Dornier Do-28 A/B,319,205650.00,0,30,0,6
157,0,0,0,0,200,10168,66000.00,2,0,0,0,150,100,125,290,15909,Douglas A-26,157,322500.00,100,0,290,9
158,0,0,0,2,170,8600,66000.00,2,0,0,0,85,200,202,411,14061,Douglas C117D,303,1452750.00,200,202,411,32
159,180,0,0,1,150,5604,66000.00,2,0,180,0,90,75,0,0,8436,Douglas DC-2,172,595500.00,75,0,0,18
160,180,180,0,1,150,5604,66000.00,2,0,0,0,80,75,0,0,8436,Douglas DC-2 (FSX),233,595500.00,75,0,0,18
161,200,200,0,2,140,7325,66000.00,2,0,0,0,95,0,202,0,11909,Douglas DC-3,18,1010250.00,0,202,0,28
162,0,0,0,8,270,18583,66000.00,4,0,0,0,250,0,1780,0,33111,Douglas DC-4,266,6501750.00,0,1780,0,86
163,1414,1414,0,5,290,28727,66000.00,4,0,0,0,350,1342,0,0,47180,Douglas DC-6,183,4210500.00,1342,0,0,56
164,1414,1414,0,9,290,28727,66000.00,4,0,0,0,350,1342,0,0,49000,Douglas DC-6B,267,7657050.00,1342,0,0,97
165,362,362,0,8,225,23844,66000.00,4,0,0,0,350,431,508,360,46629,Douglas DC-6B (PMDG),345,5503500.00,431,508,360,91
166,0,0,0,8,300,26376,66000.00,4,2000,2000,0,460,1500,0,0,64864,Douglas DC-7B,292,7827000.00,1500,0,0,95
167,0,0,0,9,280,33005,66000.00,4,2500,2500,0,520,1750,0,0,64864,Douglas DC-7C,293,8674500.00,1750,0,0,105
168,2976,2589,4152,6,480,62051,210000.00,4,0,0,1,2558,1846,2589,1542,140614,Douglas DC-8 (10-40),308,0.00,1846,2976,1542,140
169,0,0,0,0,370,1537,160000.00,2,0,0,1,75,0,115,0,2699,Eclipse 500,244,587250.00,0,115,0,6
170,0,0,0,1,248,3515,114000.00,2,0,0,1,110,0,227,0,5700,Embraer 110,149,1193700.00,0,227,0,20
171,0,0,0,2,260,7100,143000.00,2,0,0,1,140,0,227,0,11500,Embraer 120,148,2133000.00,0,227,0,32
172,0,0,0,3,455,11499,160000.00,2,0,0,1,365,0,851,0,19999,Embraer ERJ-135LR,252,4865631.00,0,851,0,39
173,0,0,0,4,435,12399,210000.00,2,0,0,1,375,0,851,0,21999,Embraer ERJ-145LR,221,6336653.00,0,851,0,52
174,294,294,0,1,450,16000,160000.00,2,217,217,1,313,0,845,0,24500,Embraer Legacy 600,184,1366350.00,0,845,0,15
175,0,0,0,0,360,3235,160000.00,2,0,0,1,134,0,209,0,4750,Embraer Phenom 100,302,507300.00,0,209,0,6
176,0,0,0,0,380,5171,160000.00,2,0,0,1,185,0,403,0,8390,Embraer Phenom 300,323,946800.00,0,403,0,10
177,5,0,0,0,80,339,22000.00,1,0,0,0,6,0,8,0,572,ERCO Ercoupe 415-C,272,41700.00,0,8,0,2
178,0,0,0,2,150,4660,160000.00,2,85,85,1,376,112,65,65,9299,Eurocopter AS-332 Super Puma,330,760200.00,107,62,128,27
179,143,0,0,0,131,1171,114000.00,1,0,0,1,30,0,0,0,2250,Eurocopter AS-350 Ecureuil,83,165000.00,0,0,0,6
180,0,0,0,0,145,2400,114000.00,2,0,0,1,155,0,153,0,4300,Eurocopter AS365,339,388800.00,0,153,0,13
181,0,0,0,0,130,1500,114000.00,2,0,0,1,60,0,94,0,3200,Eurocopter BK117,162,210000.00,0,94,0,8
182,121,0,0,0,125,455,114000.00,1,0,0,1,65,0,0,0,1318,Eurocopter Colibri EC 120,98,81750.00,0,0,0,5
183,0,0,0,0,137,1455,114000.00,2,0,0,1,62,75,16,0,2910,Eurocopter EC-135,213,360779.00,75,17,0,8
184,0,0,0,0,105,762,22000.00,1,0,0,0,12,0,20,0,1259,Fairchild 24R,218,164230.00,0,20,0,4
185,200,0,0,6,200,16145,66000.00,2,0,0,0,120,0,202,0,31145,Fairchild C119,134,3684000.00,0,202,0,67
186,0,0,0,2,180,12519,66000.00,2,0,0,0,120,0,722,0,23519,Fairchild C123,171,1434000.00,0,722,0,32
187,0,0,0,1,248,4037,143000.00,2,0,0,1,120,0,325,0,7303,Fairchild Metro III,96,1257600.00,0,325,0,21
188,0,0,0,0,110,822,22000.00,1,0,0,0,13,0,23,0,1173,Fairchild PT19/26 Cornell,245,52350.00,0,23,0,2
189,0,0,0,5,285,11997,143000.00,2,0,0,1,200,0,678,0,20819,Fokker 50,346,4581000.00,0,678,0,58
190,0,0,0,5,280,12243,143000.00,2,0,0,1,325,0,650,0,20409,Fokker F27-500 Friendship,212,4371828.00,0,650,0,57
191,31,0,0,0,85,3000,66000.00,3,0,0,0,42,0,100,0,4610,Ford Tri-Motor,179,185400.00,0,100,0,9
192,0,0,0,0,145,895,22000.00,1,0,0,0,9,0,50,0,1588,Found Bush Hawk,90,164550.00,0,50,0,5
193,0,0,0,0,120,862,22000.00,1,0,0,0,15,0,44,0,1815,Gippsland GA8 Airvan,89,236250.00,0,44,0,8
194,0,0,0,0,120,500,22000.00,1,0,0,0,9,0,25,0,980,Globe Swift,138,26550.00,0,25,0,2
195,0,0,0,0,155,2800,66000.00,2,0,0,0,50,0,170,0,4220,Grumman G-21 Goose,63,412500.00,0,170,0,10
196,0,0,0,0,130,1447,22000.00,2,0,0,0,20,0,54,0,2041,Grumman G-44 Widgeon,123,174000.00,0,54,0,6
197,0,0,0,0,157,4193,114000.00,2,0,0,0,51,50,180,0,5783,Grumman G-73 Mallard,322,434550.00,50,180,0,11
198,0,0,0,1,157,3969,114000.00,2,0,0,1,54,46,190,0,6350,Grumman G-73T Turbo Mallard,331,855300.00,46,190,0,20
199,0,0,0,2,155,10227,66000.00,2,0,0,0,110,200,337,0,15227,Grumman HU-16B Albatross,114,1126500.00,200,338,0,30
200,0,0,0,0,200,7560,66000.00,2,0,0,0,84,0,273,0,11110,Grumman S2/C1,297,451800.00,0,273,0,10
201,0,0,0,0,140,588,22000.00,1,0,0,0,11,0,26,0,1091,Grumman Tiger,146,114450.00,0,26,0,4
202,0,0,0,0,200,3175,66000.00,2,0,0,1,100,0,211,0,5670,Grumman Turbo Goose,260,495000.00,0,211,0,10
203,384,0,0,0,275,2810,143000.00,2,0,0,1,95,0,0,0,4706,Gulfstream Twin Commander 690B (Carenado),347,568800.00,0,0,0,8
204,224,0,0,0,465,7393,160000.00,2,0,0,1,240,0,635,0,12755,Hawker 850XP,315,864000.00,0,635,0,9
205,0,0,0,4,244,11570,143000.00,2,0,0,1,200,0,865,0,21092,Hawker Siddeley HS-748,135,3403200.00,0,865,0,53
206,0,0,0,0,130,943,22000.00,1,0,0,0,17,0,60,0,1542,Helio Super Courier H-295/U-10b,117,177150.00,0,60,0,6
207,0,0,0,0,170,1236,44000.00,1,0,0,0,24,0,41,0,1972,Howard DGA-15,210,229800.00,0,41,0,5
208,0,0,0,0,270,10886,66000.00,2,0,0,0,250,217,350,191,15678,Howard Aero 500,20,790500.00,217,350,191,14
209,0,0,0,0,85,493,22000.00,1,0,0,0,8,0,35,0,793,Hughes 269,333,42600.00,0,30,0,2
210,75,0,0,0,134,675,114000.00,1,0,0,1,35,0,0,0,1350,Hughes/McDonnell Douglas MD500E,59,124050.00,0,0,0,5
211,0,0,0,2,190,12500,66000.00,2,0,0,0,75,0,465,0,17500,Ilyushin Il-14,196,1639500.00,0,465,0,35
212,944,1593,944,9,310,35000,143000.00,4,264,264,1,600,1271,0,855,64000,Ilyushin Il-18D,202,8430000.00,1271,0,855,100
213,13,0,0,1,105,6590,66000.00,3,0,0,0,141,0,317,0,10500,Junkers Ju-52,200,439260.00,0,317,0,20
214,130,0,0,2,100,612,66000.00,1,0,0,0,30,0,300,0,2829,Junkers W33 EW Flight,223,217721.00,0,300,0,6
215,31,0,0,0,100,612,66000.00,1,0,0,0,30,0,100,0,1678,Junkers W33/34,224,217721.00,0,100,0,6
216,117,0,0,2,129,7070,114000.00,2,0,0,1,117,0,179,0,11808,Kazan Helicopter Plant Mi-17-1V-GA,101,591150.00,0,196,0,22
217,0,0,0,0,140,839,22000.00,1,0,0,0,20,0,38,0,1383,Lake Renegade,40,189000.00,0,38,0,6
218,0,0,0,0,240,635,44000.00,1,0,0,0,14,0,33,0,998,Lancair Legacy,110,57300.00,0,33,0,2
219,0,0,0,0,230,1105,44000.00,1,0,0,0,21,0,47,0,1759,Lancair Legacy IV-P,255,253950.00,0,45,0,4
220,359,0,0,1,410,5318,160000.00,2,0,0,1,170,0,269,0,9276,Lear 45,164,745500.00,0,269,0,10
221,359,0,0,1,500,3204,114000.00,2,0,0,1,230,0,268,0,6124,Learjet 24B,311,400500.00,0,268,0,7
222,125,0,0,1,500,3324,114000.00,2,184,184,1,230,0,173,0,6123,Learjet 24B - Tip Tanks,312,331500.00,0,173,0,7
223,200,0,0,1,462,4152,160000.00,2,181,181,1,134,0,187,0,8164,Learjet 35A,336,1077700.00,0,187,0,9
224,195,0,0,1,455,3465,160000.00,2,0,0,1,120,0,173,176,6803,LearJet LJ25D,241,996000.00,0,173,176,10
225,0,0,0,1,200,3964,143000.00,2,0,0,1,120,0,166,53,6614,Let L 410 UVP-E,130,984000.00,0,166,53,21
226,0,0,0,0,200,3964,143000.00,2,0,0,1,120,0,166,0,6614,Let L 410 UVP-T,112,114000.00,0,166,0,5
227,0,0,0,0,120,533,22000.00,1,0,0,0,5,0,14,0,750,Liberty XL2,279,66750.00,0,14,0,2
228,0,1240,1240,5,320,34300,143000.00,4,1400,1400,1,721,910,0,1350,78900,Lockheed C-130 (Capt Sim),185,5238000.00,910,0,1350,64
229,0,0,0,5,320,34350,143000.00,4,0,0,1,721,0,4000,0,79000,Lockheed C-130 (Generic),181,5238000.00,0,4000,0,64
230,1635,1365,1365,5,290,41306,66000.00,4,1335,1335,0,400,0,1375,0,72727,Lockheed Constellation,182,4854000.00,0,1375,0,64
231,0,0,0,4,230,22380,66000.00,4,0,0,0,360,820,1550,0,40770,Lockheed L049 (A2A),340,2850600.00,820,1550,0,49
232,0,0,0,0,161,2927,66000.00,2,0,0,0,48,0,140,0,4673,Lockheed L10A Electra,111,480900.00,0,140,0,12
233,0,753,0,1,161,2927,66000.00,2,0,0,0,48,0,199,0,6520,Lockheed L10E Amelia Special,209,480900.00,0,199,0,5
234,0,0,0,1,175,5670,66000.00,2,0,0,0,90,53,270,0,7938,Lockheed Lodestar,320,820500.00,53,270,0,19
235,406,0,0,8,330,30344,143000.00,4,0,0,1,360,471,406,0,50262,Lockheed P-3C (L-188),204,8292000.00,471,406,0,95
236,48,280,130,0,125,1166,66000.00,1,0,0,0,33,0,96,0,3014,Lockheed Vega,159,190350.00,0,96,0,7
237,14,0,0,0,78,340,22000.00,1,0,0,0,4,0,0,0,572,Luscombe 8A,88,19200.00,0,0,0,2
238,0,0,0,3,260,14786,66000.00,2,0,0,0,200,0,675,0,20366,Martin 404,229,3110583.00,0,675,0,42
239,0,0,0,0,140,681,22000.00,1,0,0,0,15,15,22,0,1250,Maule M-7,12,152250.00,15,22,0,5
240,9700,14600,0,19,483,117688,210000.00,3,0,0,1,3200,0,6000,0,259454,McDonnell Douglas DC-10-30F,337,0.00,0,6000,0,401
241,21,0,0,0,144,863,22000.00,1,0,0,0,16,0,16,0,1379,Messerschmitt Bf 108 B,300,156000.00,0,16,0,4
242,0,0,0,0,141,900,22000.00,1,0,0,0,14,20,20,0,1361,Meyers 200D,235,154500.00,20,20,0,4
243,347,0,0,0,80,2456,114400.00,2,0,0,1,50,0,0,0,3700,Mil Mi-2,341,159000.00,0,0,0,9
244,154,0,0,0,270,3470,114000.00,2,0,0,1,80,0,35,90,5250,Mitsubishi MU-2B,122,564000.00,0,35,90,9
245,0,0,0,0,195,993,44000.00,1,0,0,0,14,0,48,0,1528,Mooney M20 Bravo,15,323500.00,0,48,0,4
246,0,0,0,0,170,744,44000.00,1,0,0,0,11,0,33,0,1243,Mooney M20 Juliet,289,192450.00,0,33,0,4
247,217,0,0,0,375,4939,160000.00,2,0,0,1,300,120,109,0,7409,Morane-Saulnier MS-760,227,245000.00,120,109,0,4
248,0,0,0,6,236,14969,143000.00,2,0,0,1,220,0,662,0,24998,NAMC YS-11,324,4263900.00,0,662,0,66
249,0,0,0,0,90,932,66000.00,1,0,0,0,14,0,32,0,1517,New Standard D25A,264,120300.00,0,32,0,5
250,0,0,0,0,130,2052,22000.00,1,0,0,0,18,0,128,0,3618,Noorduyn Norseman,64,332100.00,0,128,0,10
251,215,0,0,0,180,9610,66000.00,2,0,0,0,235,152,335,0,16363,North American B-25,173,324000.00,152,335,0,10
252,85,0,0,0,240,3263,66000.00,1,0,0,0,65,75,92,0,5626,North American P-51D Mustang,305,75750.00,75,92,0,2
253,0,0,0,0,250,2914,44000.00,1,0,0,0,55,0,88,0,3856,North American T-28 Trojan,291,50250.00,0,88,0,2
254,0,0,0,1,430,7527,160000.00,2,0,0,1,130,0,575,0,11285,North American T-39 Sabreliner,253,994500.00,0,575,0,9
255,90,0,0,0,150,2384,66000.00,1,0,0,0,35,0,90,0,3572,North American T-6G Texan,234,77400.00,0,90,0,2
256,0,0,0,0,160,1393,114000.00,1,0,0,1,48,0,75,0,3402,Pacific Aerospace 750XL,99,381600.00,0,77,0,10
257,59,0,0,0,180,2700,114000.00,2,0,0,0,40,87,44,0,3950,Piaggio 166 Albatross,65,228000.00,87,44,0,6
258,105,105,0,0,340,3400,114000.00,2,0,0,1,110,0,105,0,5240,Piaggio 180 Avanti,66,700500.00,0,105,0,9
259,0,0,0,0,150,1167,22000.00,1,0,0,0,15,12,20,0,1824,Piaggio P-149D,137,119250.00,12,20,0,4
260,0,0,0,0,270,2605,114000.00,1,0,0,1,45,0,203,0,4500,Pilatus PC-12,24,762750.00,0,203,0,11
261,0,0,0,0,120,1250,114000.00,1,0,0,1,40,64,87,0,2750,Pilatus PC-6 Porter,14,357900.00,64,87,0,12
262,12,0,0,0,73,308,22000.00,1,0,0,0,4,0,0,0,593,Piper J-3 Cub,23,17700.00,0,0,0,2
263,50,0,0,0,101,476,22000.00,1,0,0,0,8,0,19,0,900,Piper PA-12 Super Cruiser RTW,225,82500.00,0,19,0,3
264,0,0,0,0,105,476,22000.00,1,0,0,0,8,0,18,0,900,Piper PA-18 Super Cub,73,23100.00,0,18,0,3
265,0,0,0,0,109,455,22000.00,1,0,0,0,9,0,18,0,816,Piper PA-20 Pacer,86,88650.00,0,18,0,4
266,0,0,0,0,104,528,22000.00,1,0,0,0,11,0,22,0,998,Piper PA-22 Super Pacer,74,82050.00,0,22,0,4
267,0,0,0,0,117,528,22000.00,1,0,0,0,9,0,18,0,907,Piper PA-22 Tri-Pacer,115,95850.00,0,18,0,4
268,0,0,0,0,166,1004,44000.00,2,0,0,0,11,0,36,0,1602,Piper PA-23 Apache,19,137850.00,0,36,0,4
269,0,0,0,0,180,1483,44000.00,2,0,0,0,25,36,36,0,2358,Piper PA-23 Aztec,56,243750.00,36,36,0,6
270,0,0,0,0,140,859,22000.00,1,0,0,0,14,0,45,0,1451,Piper PA-24 Comanche,54,153300.00,0,45,0,4
271,0,0,0,0,140,759,22000.00,1,0,0,0,14,0,30,15,1365,Piper PA-24 Comanche (A2A),316,153300.00,0,30,15,4
272,0,0,0,0,110,727,22000.00,1,0,0,0,10,0,24,0,1156,Piper PA-28 Archer,2,88500.00,0,24,0,4
273,0,0,0,0,140,756,22000.00,1,0,0,0,12,0,37,0,1315,Piper PA-28 Arrow,52,113400.00,0,37,0,4
274,0,0,0,0,110,600,22000.00,1,0,0,0,9,0,25,0,1090,Piper PA-28 Cherokee 180,4,88500.00,0,25,0,4
275,0,0,0,0,150,776,22000.00,1,0,0,0,12,0,39,0,1360,Piper PA-28 Dakota,30,122400.00,0,39,0,4
276,0,0,0,0,115,700,22000.00,1,0,0,0,11,0,24,0,1108,Piper PA-28 Warrior,50,91950.00,0,24,0,4
277,0,0,0,0,165,1124,44000.00,2,27,27,0,16,15,0,15,1693,Piper PA-30 Twin Comanche,161,131700.00,15,0,15,4
278,0,0,0,0,162,1927,44000.00,2,0,0,0,25,40,82,0,3188,Piper PA-31 Navajo,28,313950.00,40,82,0,8
279,0,0,0,0,275,2257,114000.00,2,0,0,1,60,0,164,19,4082,Piper PA-31T Cheyenne II,127,300150.00,0,164,19,6
280,0,0,0,0,243,2318,114000.00,2,0,0,1,60,0,164,19,3946,Piper PA-31T1 Cheyenne I/IA,126,280500.00,0,164,19,6
281,0,0,0,0,275,2489,114000.00,2,0,0,1,60,0,164,19,4300,Piper PA-31T2 Cheyenne IIXL,128,470400.00,0,164,19,8
282,0,0,0,0,160,950,44000.00,1,0,0,0,14,0,49,0,1640,Piper PA-32 Cherokee Six/ Saratoga,53,225300.00,0,49,0,6
283,0,0,0,0,175,999,44000.00,1,0,0,0,19,0,53,0,1650,Piper PA-32 Saratoga TC,170,240300.00,0,53,0,6
284,0,0,0,0,187,1417,44000.00,2,0,0,0,24,32,32,0,2630,Piper PA-34 Seneca,21,255300.00,32,32,0,6
285,0,0,0,0,124,512,22000.00,1,0,0,0,5,0,15,0,757,Piper PA-38 Tomahawk,27,27750.00,0,15,0,2
286,0,0,0,0,300,3563,114000.00,2,0,0,1,105,40,250,0,6174,Piper PA-42-1000 Cheyenne 400,38,879750.00,40,250,0,12
287,0,0,0,0,155,1183,44000.00,2,0,0,0,22,0,54,0,1730,Piper PA-44 Seminole,186,162900.00,0,54,0,4
288,0,0,0,0,235,1533,114000.00,1,0,0,1,35,0,85,0,2265,Piper PA-46 Meridian,32,351150.00,0,85,0,6
289,85,0,0,0,200,2111,44000.00,2,0,0,0,42,0,65,0,2883,Piper PA-60 Aerostar,49,255900.00,0,65,0,6
290,0,0,0,0,90,890,22000.00,1,0,0,0,10,0,22,0,1300,PZL Wilga,152,70500.00,0,22,0,4
291,0,0,0,0,180,1522,114000.00,1,0,0,1,50,0,160,0,3100,Quest Kodiak,191,407250.00,0,160,0,10
292,0,0,0,0,110,306,22000.00,1,0,0,0,5,0,9,0,544,Rans S-7 Courier,240,111750.00,0,9,0,2
293,316,0,0,1,400,4717,160000.00,2,0,0,1,160,0,213,0,7484,Raytheon Beechjet / Hawker,168,880000.00,0,213,0,11
294,0,0,0,0,400,3634,160000.00,2,0,0,1,135,0,275,0,5715,Raytheon Premier1,176,698250.00,0,275,0,8
295,75,0,0,0,115,993,22000.00,1,0,0,0,11,0,0,0,1429,Republic Seabee,199,125460.00,0,0,0,4
296,27,0,0,0,140,638,22000.00,1,0,0,0,14,0,11,0,1100,Robin DR400,198,155460.00,0,11,0,4
297,30,0,0,0,120,505,22000.00,1,0,0,0,6,0,0,0,726,Robin HR200,328,66225.00,0,0,0,2
298,29,0,0,0,115,480,22000.00,1,0,0,0,7,0,0,0,930,Robin/Apex DR221,120,96150.00,0,0,0,4
299,0,0,0,0,96,376,22000.00,1,0,0,0,9,0,19,0,621,Robinson R22,82,19350.00,0,10,0,2
300,0,0,0,0,113,635,22000.00,1,0,0,0,14,0,19,0,1090,Robinson R44,118,87000.00,0,11,0,4
301,73,0,0,0,110,635,114000.00,1,0,0,1,24,0,0,0,1225,Robinson R66 Turbine,329,139800.00,0,0,0,5
302,0,0,0,0,150,855,66000.00,1,0,0,0,15,0,34,0,1424,Rockwell Commander 114,265,152712.00,0,34,0,4
303,0,0,0,0,275,2810,143000.00,2,0,0,1,95,0,192,0,4706,Rockwell Twin Commander 690B,47,568800.00,0,192,0,8
304,21,0,0,0,125,831,22000.00,1,0,0,0,15,0,20,0,1305,Ryan L-17 Navion,215,217919.00,0,20,0,5
305,0,0,0,4,370,14500,143000.00,2,0,0,1,372,0,442,0,23000,Saab 2000,317,5261400.00,0,442,0,52
306,0,0,0,3,290,8620,143000.00,2,0,0,1,150,0,433,0,13155,Saab 340B,143,2797500.00,0,433,0,38
307,0,0,0,2,225,9960,66000.00,2,0,0,0,250,0,400,0,16500,SAAB Scandia 90,247,1972500.00,0,400,0,34
308,47,0,0,1,140,4148,66000.00,2,0,0,0,47,0,100,0,6441,Scottish Aviation Twin Pioneer,325,682050.00,0,100,0,18
309,0,0,0,3,240,6758,160000.00,2,0,0,1,360,0,368,0,11793,Shorts SD3-60,205,2412000.00,0,368,0,40
310,0,0,0,1,168,3341,114000.00,2,0,0,1,62,0,195,0,5670,Shorts Skyvan,133,761700.00,0,195,0,19
311,0,0,0,0,170,796,44000.00,1,0,0,0,15,18,12,0,1182,SIAI-Marchetti SF260,17,86250.00,18,12,0,3
312,0,0,0,0,180,690,114000.00,1,0,0,1,40,0,41,0,1550,SIAI-Marchetti SM.1019A,246,120000.00,0,41,0,3
313,50,0,0,1,160,5783,66000.00,2,0,0,0,55,0,150,0,8662,Sikorsky S-43,155,680250.00,0,150,0,18
314,250,0,0,1,107,2381,66000.00,1,0,0,0,100,0,0,0,3720,Sikorsky S-55,236,286295.00,0,0,0,14
315,0,0,0,1,120,2695,114000.00,1,0,0,1,90,0,141,0,4773,Sikorsky S-76,187,379500.00,0,141,0,14
316,0,0,0,1,150,4819,114000.00,2,0,0,1,130,0,180,0,10659,Sikorsky UH-60 Blackhawk,342,361800.00,0,180,0,14
317,0,0,0,0,127,730,22000.00,1,0,0,0,11,0,27,0,1150,Socata TB-10 Tobago,78,102750.00,0,27,0,4
318,0,0,0,0,148,800,22000.00,1,0,0,0,16,0,44,0,1400,Socata TB21GT Trinidad,121,116400.00,0,44,0,4
319,0,0,0,0,255,1823,114000.00,1,0,0,1,50,0,140,0,2985,Socata TBM 700,100,406500.00,0,140,0,7
320,0,0,0,0,310,2081,114000.00,1,0,0,1,64,0,150,0,3353,Socata TBM 850,296,490800.00,0,150,0,7
321,15,16,16,0,187,1242,66000.00,1,0,0,0,26,0,32,0,1995,Spartan 7W Executive,102,197100.00,0,32,0,5
322,0,0,0,0,105,599,22000.00,1,0,0,0,10,0,25,0,1088,Stinson 108,163,84000.00,0,25,0,4
323,0,0,0,0,80,702,22000.00,1,0,0,0,7,0,18,0,929,Stinson L-5B Sentinel,208,40650.00,0,18,0,2
324,0,0,0,0,124,1114,22000.00,1,0,0,0,14,0,41,0,1701,Stinson Reliant,91,96900.00,0,41,0,4
325,0,0,0,0,110,2220,22000.00,1,0,0,0,30,0,90,0,3650,Supermarine Walrus MK 1,299,331500.00,0,90,0,11
326,0,0,0,0,105,284,22000.00,1,0,0,0,12,0,35,0,580,Tecnam P92 Echo,217,100718.00,0,35,0,2
327,1152,0,0,5,420,22493,160000.00,2,633,633,1,500,393,0,125,38290,Tupolev Tu-124,248,6501750.00,393,0,125,58
328,0,0,0,0,180,495,22000.00,1,0,0,0,12,0,21,0,816,Vans RV-7/7A,58,41400.00,0,21,0,2
329,0,0,0,5,285,16718,143000.00,4,0,0,1,285,240,792,0,31876,Vickers Viscount,277,4839000.00,240,792,0,63
330,0,0,0,0,115,1136,66000.00,1,0,0,0,21,0,24,0,1474,Waco Classic YMF,129,46950.00,0,24,0,3
331,0,0,0,2,120,6202,114000.00,1,0,0,1,175,0,340,0,9707,Westland Seaking,158,620250.00,0,340,0,26
332,0,0,0,0,120,1026,22000.00,1,0,0,0,18,0,24,0,1500,Yakovlev Yak-12A,145,89100.00,0,24,0,4
333,0,0,0,0,120,1217,22000.00,1,0,0,0,11,0,26,0,1650,Yakovlev Yak-18T,142,96450.00,0,26,0,4
334,0,0,0,2,254,9400,160000.00,3,0,0,1,369,0,723,0,16100,Yakovlev Yak-40,286,1990950.00,0,723,0,32
335,0,0,0,0,106,522,22000.00,1,0,0,0,10,0,15,0,1000,Zenair CH 801,104,84900.00,0,15,0,4
336,3,0,0,1,70,60,22000.00,3,0,0,0,51,0,3,0,600,Zepplin NT,257,42450.00,0,3,0,6
337,0,0,0,0,123,830,22000.00,1,0,0,0,14,0,16,0,1350,Zlin Z-43,124,96000.00,0,16,0,4
